{"files":{"index.html":{"frameworks":["pg.insight.events","pg.code-validator","pg.project.items","pg.asset.manager","pg.fontawesome","bs3.3.7","pg.html","pg.components"],"last_page_width":1024},"about-us.html":{"frameworks":["pg.insight.events","pg.code-validator","pg.project.items","pg.asset.manager","pg.fontawesome","bs3.3.7","pg.html","pg.components"],"last_page_width":1024},"services.html":{"frameworks":["pg.insight.events","pg.code-validator","pg.project.items","pg.asset.manager","pg.fontawesome","bs3.3.7","pg.html","pg.components"],"last_page_width":1024},"blog-columns.html":{"frameworks":["pg.insight.events","pg.code-validator","pg.project.items","pg.asset.manager","pg.fontawesome","bs3.3.7","pg.html","pg.components"],"last_page_width":1024},"contact.html":{"frameworks":["pg.insight.events","pg.code-validator","pg.project.items","pg.asset.manager","pg.fontawesome","bs3.3.7","pg.html","pg.components"],"last_page_width":1024},"single-service.html":{"frameworks":["pg.insight.events","pg.code-validator","pg.project.items","pg.asset.manager","pg.fontawesome","bs3.3.7","pg.html","pg.components"],"last_page_width":1024},"register.html":{"frameworks":["pg.insight.events","pg.code-validator","pg.project.items","pg.asset.manager","pg.fontawesome","bs3.3.7","pg.html","pg.components"],"last_page_width":1024},"blog-post.html":{"frameworks":["pg.insight.events","pg.code-validator","pg.project.items","pg.asset.manager","pg.fontawesome","bs3.3.7","pg.html","pg.components"],"last_page_width":1024}},"breakpoints":["480px","768px","979px","992px","1200px","1400px"],"frameworks":["pg.insight.events","pg.code-validator","pg.project.items","pg.asset.manager","pg.fontawesome","bs3.3.7","pg.html","pg.components"]}